date,1. open,2. high,3. low,4. close,5. adjusted close,6. volume,7. dividend amount,8. split coefficient
10/30/2020,0.6974,0.713,0.65,0.6705,0.6705,26394901,0,1
10/29/2020,0.7301,0.7497,0.686,0.6946,0.6946,24622490,0,1
10/28/2020,0.76,0.77,0.6835,0.7251,0.7251,33619099,0,1
10/27/2020,0.81,0.8149,0.753,0.7642,0.7642,20549200,0,1
10/26/2020,0.8257,0.835,0.791,0.8063,0.8063,12201171,0,1
10/23/2020,0.8326,0.8677,0.82,0.839,0.839,16097351,0,1
10/22/2020,0.8053,0.8278,0.78,0.8224,0.8224,17578288,0,1
10/21/2020,0.8143,0.8289,0.8,0.8153,0.8153,14761893,0,1
10/20/2020,0.7886,0.83,0.78,0.8216,0.8216,19630453,0,1
10/19/2020,0.793,0.8199,0.78,0.7852,0.7852,14254891,0,1
10/16/2020,0.7993,0.81,0.7859,0.7926,0.7926,8956573,0,1
10/15/2020,0.8091,0.8151,0.7749,0.8116,0.8116,17495632,0,1
10/14/2020,0.815,0.8491,0.815,0.8279,0.8279,16219656,0,1
10/13/2020,0.8281,0.8301,0.7841,0.8,0.8,18588309,0,1
10/12/2020,0.84,0.848,0.8115,0.8365,0.8365,14044578,0,1
10/9/2020,0.905,0.93,0.83,0.8638,0.8638,16119412,0,1
10/8/2020,0.8344,0.9,0.825,0.899,0.899,22863777,0,1
10/7/2020,0.791,0.833,0.7772,0.8122,0.8122,13751637,0,1
10/6/2020,0.8236,0.835,0.786,0.788,0.788,12330638,0,1
10/5/2020,0.8204,0.85,0.7808,0.7977,0.7977,16512256,0,1
10/2/2020,0.749,0.8144,0.7319,0.7976,0.7976,21712384,0,1
10/1/2020,0.8101,0.815,0.7725,0.7762,0.7762,20832036,0,1
9/30/2020,0.829,0.8644,0.8012,0.8069,0.8069,17923080,0,1
9/29/2020,0.882,0.8899,0.8015,0.8428,0.8428,19189565,0,1
9/28/2020,0.8425,0.9166,0.84,0.8756,0.8756,21850909,0,1
9/25/2020,0.87,0.8999,0.7904,0.7999,0.7999,39197568,0,1
9/24/2020,0.88,0.95,0.83,0.8901,0.8901,16668724,0,1
9/23/2020,0.9999,1.02,0.8809,0.885,0.885,23528840,0,1
9/22/2020,1.01,1.03,0.9616,0.9848,0.9848,16033435,0,1
9/21/2020,1.04,1.06,0.97,0.9911,0.9911,24681153,0,1
9/18/2020,1.12,1.15,1.03,1.06,1.06,94745224,0,1
9/17/2020,1.08,1.13,1.05,1.11,1.11,19872227,0,1
9/16/2020,1.06,1.16,1.02,1.08,1.08,39246537,0,1
9/15/2020,1.03,1.12,1.02,1.07,1.07,24335681,0,1
9/14/2020,0.99,1.03,0.9,1.01,1.01,27365829,0,1
9/11/2020,1.02,1.05,0.96,0.9853,0.9853,20380473,0,1
9/10/2020,1.07,1.08,0.99,1.02,1.02,30697932,0,1
9/9/2020,1.1,1.1,1.02,1.05,1.05,26348177,0,1
9/8/2020,1.23,1.24,1.01,1.02,1.02,69367140,0,1
9/4/2020,1.24,1.37,1.21,1.34,1.34,30865595,0,1
9/3/2020,1.2,1.29,1.18,1.21,1.21,19293847,0,1
9/2/2020,1.25,1.26,1.2,1.2,1.2,12643275,0,1
9/1/2020,1.23,1.26,1.2,1.25,1.25,13386620,0,1
8/31/2020,1.33,1.33,1.22,1.22,1.22,15406485,0,1
8/28/2020,1.25,1.35,1.23,1.35,1.35,32078590,0,1
8/27/2020,1.21,1.25,1.18,1.25,1.25,12853116,0,1
8/26/2020,1.29,1.29,1.17,1.22,1.22,28780741,0,1
8/25/2020,1.39,1.4,1.24,1.29,1.29,33219081,0,1
8/24/2020,1.28,1.37,1.15,1.34,1.34,53294024,0,1
8/21/2020,1.53,1.57,1.08,1.14,1.14,103683535,0,1
8/20/2020,1.89,1.91,1.46,1.59,1.59,66503932,0,1
8/19/2020,1.94,1.97,1.9,1.92,1.92,12275015,0,1
8/18/2020,2.08,2.095,1.86,1.91,1.91,27486823,0,1
8/17/2020,2.18,2.2,2.06,2.07,2.07,14115243,0,1
8/14/2020,2.16,2.23,2.14,2.18,2.18,12688623,0,1
8/13/2020,2.3,2.35,2.15,2.18,2.18,20032013,0,1
8/12/2020,2.43,2.47,2.27,2.36,2.36,15320417,0,1
8/11/2020,2.53,2.62,2.27,2.33,2.33,29764163,0,1
8/10/2020,2.28,2.428,2.27,2.38,2.38,17441162,0,1
8/7/2020,2.26,2.305,2.17,2.24,2.24,14367154,0,1
8/6/2020,2.39,2.43,2.26,2.31,2.31,20899988,0,1
8/5/2020,2.32,2.5,2.31,2.48,2.48,27741955,0,1
8/4/2020,2.17,2.28,2.15,2.23,2.23,16858918,0,1
8/3/2020,2.03,2.19,2.01,2.13,2.13,14885877,0,1
7/31/2020,2.08,2.11,2,2.04,2.04,15985779,0,1
7/30/2020,2.14,2.19,2,2.08,2.08,23666924,0,1
7/29/2020,2.04,2.11,2.02,2.07,2.07,15562758,0,1
7/28/2020,2.14,2.25,2.04,2.04,2.04,16410811,0,1
7/27/2020,2.2,2.21,2.11,2.2,2.2,11627765,0,1
7/24/2020,2.05,2.19,2.02,2.19,2.19,20270212,0,1
7/23/2020,2.01,2.09,1.99,2.07,2.07,11948045,0,1
7/22/2020,2.05,2.09,1.98,2.01,2.01,11265231,0,1
7/21/2020,2.03,2.2,2.03,2.08,2.08,28268739,0,1
7/20/2020,1.98,2.06,1.93,1.97,1.97,12192191,0,1
7/17/2020,2.1,2.12,1.96,1.96,1.96,12832500,0,1
7/16/2020,2.02,2.12,1.95,2.11,2.11,16214100,0,1
7/15/2020,1.97,2.09,1.91,2.07,2.07,24091600,0,1
7/14/2020,1.75,1.95,1.73,1.94,1.94,25912900,0,1
7/13/2020,1.89,1.93,1.77,1.77,1.77,19252000,0,1
7/10/2020,1.88,1.93,1.84,1.88,1.88,15349800,0,1
7/9/2020,2.03,2.05,1.84,1.9,1.9,22822800,0,1
7/8/2020,1.99,2.06,1.97,2.02,2.02,17834200,0,1
7/7/2020,1.91,2.07,1.9,1.98,1.98,28123800,0,1
7/6/2020,1.9,1.97,1.86,1.95,1.95,16161800,0,1
7/2/2020,1.91,1.93,1.83,1.84,1.84,15609100,0,1
7/1/2020,1.86,1.94,1.82,1.84,1.84,17587600,0,1
6/30/2020,1.79,1.87,1.76,1.83,1.83,14770000,0,1
6/29/2020,1.8,1.86,1.72,1.78,1.78,19696900,0,1
6/26/2020,1.9,1.945,1.76,1.78,1.78,77702018,0,1
6/25/2020,1.86,2.05,1.84,1.93,1.93,19984218,0,1
6/24/2020,2.01,2.04,1.86,1.93,1.93,30965908,0,1
6/23/2020,2.17,2.2,2.05,2.09,2.09,20415384,0,1
6/22/2020,2.12,2.13,2,2.1,2.1,23012955,0,1
6/19/2020,2.34,2.35,2.055,2.1,2.1,32434442,0,1
6/18/2020,2.13,2.325,2.12,2.2,2.2,16760872,0,1
6/17/2020,2.26,2.32,2.18,2.2,2.2,19178888,0,1
6/16/2020,2.52,2.53,2.24,2.27,2.27,27141097,0,1
6/15/2020,2.1,2.34,1.98,2.25,2.25,27190287,0,1
6/12/2020,2.44,2.45,2.14,2.21,2.21,37784782,0,1
6/11/2020,1.94,2.295,1.85,2.02,2.02,44766302,0,1
6/10/2020,2.68,2.685,2.01,2.38,2.38,82611017,0,1
6/9/2020,3.26,3.29,2.71,2.86,2.86,71042007,0,1
6/8/2020,3.03,3.815,2.71,3.75,3.75,107891459,0,1
6/5/2020,2.15,2.62,2.0302,2.5,2.5,104582403,0,1
6/4/2020,1.48,1.67,1.47,1.66,1.66,35915007,0,1
6/3/2020,1.46,1.5,1.44,1.5,1.5,21918374,0,1
6/2/2020,1.39,1.46,1.36,1.42,1.42,23399705,0,1
6/1/2020,1.33,1.41,1.29,1.39,1.39,14191631,0,1
5/29/2020,1.34,1.38,1.27,1.33,1.33,22799812,0,1
5/28/2020,1.38,1.4,1.27,1.36,1.36,22167714,0,1
5/27/2020,1.45,1.46,1.3,1.39,1.39,30501955,0,1
5/26/2020,1.5,1.51,1.41,1.41,1.41,24564485,0,1
5/22/2020,1.45,1.46,1.37,1.43,1.43,15151436,0,1
5/21/2020,1.48,1.52,1.4,1.47,1.47,22562038,0,1
5/20/2020,1.48,1.51,1.43,1.46,1.46,18028665,0,1
5/19/2020,1.49,1.5,1.41,1.41,1.41,18681697,0,1
5/18/2020,1.51,1.56,1.42,1.48,1.48,32822387,0,1
5/15/2020,1.42,1.46,1.37,1.4,1.4,15179471,0,1
5/14/2020,1.29,1.51,1.18,1.4,1.4,46166508,0,1
5/13/2020,1.68,1.69,1.26,1.34,1.34,74497936,0,1
5/12/2020,1.55,1.7,1.54,1.69,1.69,51109309,0,1
5/11/2020,1.42,1.55,1.38,1.48,1.48,40524180,0,1
5/8/2020,1.28,1.4,1.27,1.39,1.39,31569906,0,1
5/7/2020,1.22,1.27,1.19,1.26,1.26,25519313,0,1
5/6/2020,1.24,1.24,1.13,1.14,1.14,23465178,0,1
5/5/2020,1.3,1.34,1.16,1.2,1.2,42215256,0,1
5/4/2020,1.08,1.23,1.08,1.23,1.23,26772224,0,1
5/1/2020,1.22,1.27,1.11,1.15,1.15,34932331,0,1
4/30/2020,1.16,1.29,1.05,1.28,1.28,75337776,0,1
4/29/2020,1.03,1.13,1.01,1.12,1.12,57369501,0,1
4/28/2020,0.8603,0.9383,0.8537,0.9357,0.9357,35156684,0,1
4/27/2020,0.9262,0.93,0.7618,0.8449,0.8449,68828746,0,1
4/24/2020,1.03,1.08,0.95,0.9672,0.9672,51322610,0,1
4/23/2020,1.02,1.03,0.9498,1,1,45552704,0,1
4/22/2020,1.14,1.15,0.9321,0.9501,0.9501,67715525,0,1
4/21/2020,1.14,1.15,1.08,1.1,1.1,32005417,0,1
4/20/2020,1.11,1.25,1.06,1.17,1.17,28099947,0,1
4/17/2020,1.17,1.23,1.16,1.19,1.19,19062170,0,1
4/16/2020,1.31,1.34,1.1,1.14,1.14,43251414,0,1
4/15/2020,1.4,1.45,1.31,1.32,1.32,31290044,0,1
4/14/2020,1.47,1.6,1.42,1.54,1.54,41239670,0,1
4/13/2020,1.59,1.65,1.45,1.46,1.46,32891203,0,1
4/9/2020,1.43,1.75,1.31,1.44,1.44,68604445,0,1
4/8/2020,1.19,1.3,1.19,1.28,1.28,21652517,0,1
4/7/2020,1.19,1.3,1.15,1.19,1.19,30155339,0,1
4/6/2020,1.13,1.18,1.1,1.12,1.12,18689196,0,1
4/3/2020,1.18,1.19,1.05,1.08,1.08,27140960,0,1
4/2/2020,1.13,1.3,1.07,1.1,1.1,39611494,0,1
4/1/2020,1.14,1.15,1.06,1.08,1.08,18520324,0,1
3/31/2020,1.21,1.24,1.15,1.16,1.16,18034352,0,1
3/30/2020,1.2,1.2,1.13,1.15,1.15,13957919,0,1
3/27/2020,1.24,1.24,1.16,1.17,1.17,23177438,0,1
3/26/2020,1.34,1.4,1.21,1.34,1.34,22892953,0,1
3/25/2020,1.52,1.53,1.27,1.32,1.32,31042793,0,1
3/24/2020,1.29,1.43,1.17,1.4,1.4,32011865,0,1
3/23/2020,1.1,1.17,1.02,1.16,1.16,31277212,0,1
3/20/2020,1.23,1.23,1.04,1.04,1.04,38007844,0,1
3/19/2020,1.16,1.33,1.06,1.13,1.13,35638152,0,1
3/18/2020,1.2,1.29,1.01,1.11,1.11,26472279,0,1
3/17/2020,1.32,1.36,1.25,1.34,1.34,19263477,0,1
3/16/2020,1.31,1.49,1.25,1.3,1.3,28750712,0,1
3/13/2020,1.63,1.63,1.34,1.55,1.55,42991612,0,1
3/12/2020,1.13,1.54,1.13,1.34,1.34,40912203,0,1
3/11/2020,1.71,1.74,1.36,1.36,1.36,45817709,0,1
3/10/2020,1.89,1.9,1.55,1.82,1.82,60365368,0,1
3/9/2020,1.75,1.83,1.5,1.51,1.51,56333442,0,1
3/6/2020,2.85,2.885,2.41,2.44,2.44,42075599,0,1
3/5/2020,3.1,3.17,2.91,3,3,27576800,0,1
3/4/2020,3.3,3.33,3.08,3.18,3.18,20050145,0,1
3/3/2020,3.54,3.575,3.11,3.17,3.17,30317286,0,1
3/2/2020,3.41,3.55,3.15,3.55,3.55,26739885,0,1
2/28/2020,2.91,3.45,2.86,3.35,3.35,38867322,0,1
2/27/2020,3.22,3.29,3,3.01,3.01,40398770,0,1
2/26/2020,3.59,3.63,3.41,3.43,3.43,31036933,0,1
2/25/2020,3.9,3.9,3.5,3.56,3.56,23211458,0,1
2/24/2020,3.96,4,3.74,3.79,3.79,27356589,0,1
2/21/2020,4.23,4.25,4.09,4.16,4.16,19738677,0,1
2/20/2020,4.35,4.46,4.25,4.3,4.3,17892904,0,1
2/19/2020,4.43,4.46,4.23,4.32,4.32,18771931,0,1
2/18/2020,4.41,4.475,4.21,4.41,4.41,25104682,0,1
2/14/2020,4.7,4.74,4.4,4.52,4.52,18085088,0,1
2/13/2020,4.64,4.71,4.55,4.66,4.66,12768319,0,1
2/12/2020,4.6,4.82,4.58,4.67,4.67,18900539,0,1
2/11/2020,4.66,4.68,4.46,4.48,4.48,18221984,0,1
2/10/2020,4.68,4.72,4.46,4.5,4.5,16803736,0,1
2/7/2020,4.71,4.83,4.65,4.75,4.75,11989223,0,1
2/6/2020,5.2,5.22,4.8,4.83,4.83,17098104,0,1
2/5/2020,5.02,5.24,5,5.2,5.2,23100831,0,1
2/4/2020,4.88,5.005,4.77,4.81,4.81,17514063,0,1
2/3/2020,4.54,4.75,4.49,4.65,4.65,15781519,0,1
1/31/2020,4.63,4.68,4.475,4.56,4.56,16580687,0,1
1/30/2020,4.61,4.75,4.53,4.74,4.74,14902142,0,1
1/29/2020,4.85,4.92,4.73,4.73,4.73,15579788,0,1
1/28/2020,4.7,4.89,4.63,4.77,4.77,19671318,0,1
1/27/2020,4.84,4.93,4.6,4.62,4.62,26122090,0,1
1/24/2020,5.21,5.24,4.97,5.1,5.1,20597856,0,1
1/23/2020,5.4,5.45,5.18,5.24,5.24,22485844,0,1
1/22/2020,5.72,5.72,5.54,5.57,5.57,12936756,0,1
1/21/2020,5.9,5.91,5.73,5.73,5.73,16908459,0,1
1/17/2020,6.22,6.23,5.93,5.97,5.97,16554840,0,1
1/16/2020,6.26,6.39,6.13,6.15,6.15,14455628,0,1
1/15/2020,6.19,6.29,6.1221,6.18,6.18,11254196,0,1
1/14/2020,6.17,6.4,6.14,6.28,6.28,13075052,0,1
1/13/2020,6.23,6.26,6.02,6.24,6.24,11222225,0,1
1/10/2020,6.41,6.43,6.19,6.23,6.23,10008113,0,1
1/9/2020,6.41,6.5,6.18,6.41,6.41,15300423,0,1
1/8/2020,6.87,6.87,6.35,6.42,6.42,24618494,0,1
1/7/2020,7.15,7.17,6.72,6.89,6.89,19800888,0,1
1/6/2020,7.15,7.18,7,7.17,7.17,13912204,0,1
1/3/2020,7.1,7.28,6.96,7.04,7.04,22447940,0,1
1/2/2020,6.98,7,6.76,6.93,6.93,12965882,0,1
12/31/2019,6.75,6.94,6.67,6.88,6.88,12914023,0,1
12/30/2019,6.64,7.09,6.63,6.8,6.8,22465428,0,1
12/27/2019,6.58,6.71,6.53,6.57,6.57,12130106,0,1
12/26/2019,6.61,6.74,6.53,6.6,6.6,11756575,0,1
12/24/2019,6.51,6.78,6.51,6.55,6.55,11729746,0,1
12/23/2019,5.91,6.56,5.91,6.54,6.54,20571146,0,1
12/20/2019,6.1,6.145,5.84,5.89,5.89,19266139,0,1
12/19/2019,6.05,6.21,6.04,6.11,6.11,12522315,0,1
12/18/2019,6.02,6.13,5.94,6.04,6.04,15151647,0,1
12/17/2019,6.08,6.18,6,6.05,6.05,16733654,0,1
12/16/2019,6.11,6.31,6.02,6.03,6.03,18583418,0,1
12/13/2019,5.99,6.205,5.92,6.09,6.09,23280590,0,1
12/12/2019,5.64,6.02,5.61,5.94,5.94,14271355,0,1
12/11/2019,5.68,5.77,5.56,5.65,5.65,10466904,0,1
12/10/2019,5.72,5.79,5.57,5.65,5.65,12495253,0,1
12/9/2019,5.6,5.85,5.57,5.71,5.71,12709374,0,1
12/6/2019,5.34,5.78,5.32,5.63,5.63,22744150,0,1
12/5/2019,5.56,5.56,5.28,5.32,5.32,16483271,0,1
12/4/2019,4.98,5.53,4.96,5.36,5.36,22488071,0,1
12/3/2019,4.8,5,4.77,4.86,4.86,10442300,0,1
12/2/2019,5.01,5.1,4.85,4.92,4.92,12049497,0,1
11/29/2019,4.91,5.02,4.89,4.98,4.98,5999114,0,1
11/27/2019,4.86,5.0498,4.8,5.02,5.02,12393493,0,1
11/26/2019,5.05,5.1853,4.805,4.83,4.83,15144066,0,1
11/25/2019,4.68,5.04,4.64,5.03,5.03,15075079,0,1
11/22/2019,4.6,4.79,4.59,4.74,4.74,14011879,0,1
11/21/2019,4.5,4.59,4.17,4.59,4.59,19832439,0,1
11/20/2019,4.6,4.77,4.43,4.46,4.46,23423640,0,1
11/19/2019,4.75,4.8,4.59,4.66,4.66,11592457,0,1
11/18/2019,4.8,4.86,4.72,4.82,4.82,13344735,0,1
11/15/2019,4.74,4.93,4.72,4.86,4.86,13322592,0,1
11/14/2019,4.81,4.99,4.69,4.71,4.71,13024755,0,1
11/13/2019,4.87,4.93,4.7,4.85,4.85,17408114,0,1
11/12/2019,5.22,5.26,4.92,4.95,4.95,17711594,0,1
11/11/2019,5.25,5.34,5.13,5.22,5.22,13809560,0,1
11/8/2019,5.32,5.4,5.225,5.39,5.39,13777384,0,1
11/7/2019,5.47,5.6,5.365,5.41,5.41,15044487,0,1
11/6/2019,5.5,5.69,5.31,5.35,5.35,19773628,0,1
11/5/2019,5.64,5.705,5.51,5.57,5.57,16052168,0,1
11/4/2019,5.3,5.665,5.28,5.59,5.59,24903501,0,1
11/1/2019,4.82,5.17,4.73,5.14,5.14,20739433,0,1
10/31/2019,4.85,4.98,4.65,4.75,4.75,17258102,0,1
10/30/2019,5.17,5.28,4.81,4.89,4.89,21246862,0,1
10/29/2019,4.72,5.4,4.505,5.11,5.11,32308874,0,1
10/28/2019,4.82,4.87,4.64,4.72,4.72,16093030,0,1
10/25/2019,4.63,4.74,4.55,4.7,4.7,11060899,0,1
10/24/2019,4.9,4.9,4.56,4.62,4.62,16347300,0,1
10/23/2019,4.74,4.96,4.56,4.85,4.85,16069737,0,1
10/22/2019,4.63,4.815,4.4522,4.77,4.77,17445050,0,1
10/21/2019,4.48,4.65,4.47,4.58,4.58,13984241,0,1
10/18/2019,4.7,4.75,4.5,4.54,4.54,14479050,0,1
10/17/2019,4.78,4.81,4.61,4.67,4.67,14953922,0,1
10/16/2019,4.7,4.925,4.6,4.76,4.76,13089380,0,1
10/15/2019,4.6,4.92,4.551,4.72,4.72,22800315,0,1
10/14/2019,4.45,4.66,4.32,4.64,4.64,17979798,0,1
10/11/2019,4.3,4.64,4.3,4.57,4.57,20153875,0,1
10/10/2019,4.17,4.26,4.13,4.22,4.22,14021023,0,1
10/9/2019,4.17,4.22,4.025,4.12,4.12,18075137,0,1
10/8/2019,4.05,4.195,4.02,4.09,4.09,17531723,0,1
10/7/2019,4.27,4.415,4.15,4.17,4.17,16509067,0,1
10/4/2019,4.25,4.365,4.11,4.24,4.24,17450873,0,1
10/3/2019,4.13,4.26,3.98,4.24,4.24,21749200,0,1
10/2/2019,4.26,4.4,4.12,4.15,4.15,21432547,0,1
10/1/2019,4.48,4.59,4.16,4.28,4.28,23204987,0,1
9/30/2019,4.51,4.51,4.36,4.47,4.47,18212308,0,1
9/27/2019,4.63,4.76,4.51,4.53,4.53,19940293,0,1
9/26/2019,5.08,5.09,4.68,4.73,4.73,20469388,0,1
9/25/2019,5.13,5.35,5.09,5.11,5.11,20108624,0,1
9/24/2019,5.76,5.79,5.36,5.41,5.41,17732153,0,1
9/23/2019,5.75,5.895,5.66,5.83,5.83,15763373,0,1
9/20/2019,5.85,5.96,5.76,5.82,5.82,29823939,0,1
9/19/2019,6.04,6.0798,5.81,5.85,5.85,16481275,0,1
9/18/2019,5.88,6.03,5.79,5.92,5.92,18611142,0,1
9/17/2019,6.41,6.41,5.89,6.02,6.02,34419177,0,1
9/16/2019,6.24,6.655,6.065,6.51,6.51,50570061,0,1
9/13/2019,5.67,5.84,5.535,5.73,5.73,18588420,0,1
9/12/2019,5.57,5.69,5.38,5.65,5.65,22961436,0,1
9/11/2019,5.56,5.81,5.425,5.8,5.8,30560016,0,1
9/10/2019,5.48,5.73,5.45,5.49,5.49,27816172,0,1
9/9/2019,5.17,5.52,5.04,5.48,5.48,23730568,0,1
9/6/2019,4.86,5.16,4.7401,5.04,5.04,21077028,0,1
9/5/2019,4.79,5.01,4.78,4.95,4.95,19483640,0,1
9/4/2019,4.61,4.775,4.552,4.69,4.69,17027771,0,1
9/3/2019,4.42,4.51,4.22,4.48,4.48,16967523,0,1
8/30/2019,4.61,4.725,4.375,4.55,4.55,13729802,0,1
8/29/2019,4.47,4.69,4.46,4.58,4.58,15215652,0,1
8/28/2019,4.3,4.52,4.21,4.4,4.4,18253335,0,1
8/27/2019,4.3,4.34,4.11,4.23,4.23,13487393,0,1
8/26/2019,4.32,4.49,4.22,4.27,4.27,14814450,0,1
8/23/2019,4.42,4.625,4.24,4.25,4.25,22361482,0,1
8/22/2019,4.67,4.74,4.505,4.54,4.54,16606621,0,1
8/21/2019,4.67,4.83,4.53,4.58,4.58,17034343,0,1
8/20/2019,4.58,4.63,4.315,4.59,4.59,20561455,0,1
8/19/2019,4.33,4.695,4.33,4.61,4.61,29057171,0,1
8/16/2019,3.9,4.23,3.86,4.2,4.2,21675769,0,1
8/15/2019,3.9,3.92,3.76,3.86,3.86,25331384,0,1
8/14/2019,4.13,4.13,3.89,3.9,3.9,32289148,0,1
8/13/2019,4.29,4.6,4.27,4.3,4.3,24705479,0,1
8/12/2019,4.3,4.37,4.12,4.34,4.34,30665874,0,1
8/9/2019,4.62,4.63,4.3,4.33,4.33,25003760,0,1
8/8/2019,4.69,4.7,4.3303,4.58,4.58,40430563,0,1
8/7/2019,4.67,4.75,4.45,4.65,4.65,29911834,0,1
8/6/2019,5.09,5.1382,4.635,4.84,4.84,26261674,0,1
8/5/2019,5.13,5.13,4.79,4.95,4.95,26873128,0,1
8/2/2019,5.75,5.8,5.16,5.28,5.28,28754781,0,1
8/1/2019,5.99,6,5.51,5.74,5.74,23085198,0,1
7/31/2019,5.96,6.28,5.94,6.08,6.08,26686955,0,1
7/30/2019,5.3,6.05,5.26,5.98,5.98,33206325,0,1
7/29/2019,5.54,5.58,5.28,5.37,5.37,23337328,0,1
7/26/2019,5.7,5.735,5.53,5.59,5.59,13024540,0,1
7/25/2019,6.05,6.09,5.6135,5.68,5.68,18345635,0,1
7/24/2019,5.93,6.125,5.9246,5.96,5.96,10545630,0,1
7/23/2019,5.85,5.96,5.8,5.94,5.94,13983062,0,1
7/22/2019,5.84,6.04,5.75,5.85,5.85,14741615,0,1
7/19/2019,5.65,5.81,5.63,5.8,5.8,12845786,0,1
7/18/2019,5.8,5.8,5.57,5.63,5.63,19202183,0,1
7/17/2019,6.07,6.15,5.8,5.82,5.82,14993284,0,1
7/16/2019,6.37,6.37,5.99,6.06,6.06,20718118,0,1
7/15/2019,6.52,6.54,6.29,6.33,6.33,12073621,0,1
7/12/2019,6.27,6.51,6.26,6.46,6.46,11952389,0,1
7/11/2019,6.48,6.52,6.23,6.27,6.27,14372585,0,1
7/10/2019,6.28,6.5,6.25,6.47,6.47,15223565,0,1
7/9/2019,6.15,6.19,6.035,6.14,6.14,9946508,0,1
7/8/2019,6.16,6.375,6.08,6.18,6.18,16009039,0,1
7/5/2019,6.03,6.17,5.985,6.16,6.16,8562850,0,1
7/3/2019,6.14,6.18,6.01,6.06,6.06,7437931,0,1
7/2/2019,6.4,6.42,6.08,6.13,6.13,16179733,0,1
7/1/2019,6.6,6.77,6.44,6.45,6.45,16174521,0,1
6/28/2019,6.32,6.435,6.27,6.41,6.41,15577002,0,1
6/27/2019,6.31,6.43,6.23,6.32,6.32,11917586,0,1
6/26/2019,6.31,6.64,6.27,6.39,6.39,20290876,0,1
6/25/2019,6.13,6.3,6.02,6.19,6.19,14711628,0,1
6/24/2019,6.28,6.37,6.14,6.17,6.17,13807853,0,1
6/21/2019,6.32,6.495,6.14,6.29,6.29,17785763,0,1
6/20/2019,6.25,6.48,6.19,6.24,6.24,22100485,0,1
6/19/2019,5.91,6.065,5.76,5.96,5.96,14631934,0,1
6/18/2019,5.61,5.99,5.61,5.93,5.93,24710497,0,1
6/17/2019,5.4,5.6699,5.32,5.58,5.58,21425837,0,1
6/14/2019,5.56,5.59,5.28,5.42,5.42,27634903,0,1
6/13/2019,5.63,5.7,5.445,5.68,5.68,23638534,0,1
6/12/2019,5.83,5.84,5.47,5.5,5.5,24978607,0,1
6/11/2019,6.1,6.1,5.88,5.9,5.9,19017154,0,1
6/10/2019,6.15,6.29,5.94,5.96,5.96,20131829,0,1
6/7/2019,6.11,6.18,5.9,6.09,6.09,15159049,0,1
6/6/2019,6.03,6.15,5.9,6.12,6.12,19655735,0,1
6/5/2019,6.25,6.38,5.87,6.03,6.03,21875769,0,1
6/4/2019,6.37,6.48,6.23,6.26,6.26,17960511,0,1
6/3/2019,6.26,6.35,6.135,6.3,6.3,19063108,0,1
5/31/2019,6.43,6.51,6.125,6.2,6.2,27773342,0,1
5/30/2019,6.73,6.98,6.56,6.63,6.63,18012462,0,1
5/29/2019,6.56,6.76,6.4,6.75,6.75,16346607,0,1
5/28/2019,6.8,6.8868,6.65,6.69,6.69,11454022,0,1
5/24/2019,6.98,7.08,6.68,6.75,6.75,11667499,0,1
5/23/2019,7.07,7.11,6.57,6.85,6.85,26190414,0,1
5/22/2019,7.55,7.585,7.24,7.3,7.3,9593586,0,1
5/21/2019,7.43,7.83,7.43,7.63,7.63,12255553,0,1
5/20/2019,7.39,7.5,7.3,7.39,7.39,7233186,0,1
5/17/2019,7.44,7.7,7.41,7.41,7.41,8260879,0,1
5/16/2019,7.48,7.75,7.46,7.54,7.54,9503620,0,1
5/15/2019,7.27,7.52,7.23,7.41,7.41,8522014,0,1
5/14/2019,7.18,7.55,7.16,7.39,7.39,14007897,0,1
5/13/2019,7.33,7.41,6.93,7.06,7.06,16754630,0,1
5/10/2019,7.58,7.61,7.28,7.46,7.46,11095030,0,1
5/9/2019,7.5,7.64,7.32,7.63,7.63,11905550,0,1
5/8/2019,7.36,7.71,7.33,7.59,7.59,14733322,0,1
5/7/2019,7.47,7.48,7.25,7.37,7.37,16041985,0,1
5/6/2019,7.56,7.63,7.44,7.59,7.59,13729345,0,1
5/3/2019,7.6,7.85,7.42,7.76,7.76,16354952,0,1
5/2/2019,7.49,7.54,7.2,7.48,7.48,26014866,0,1
5/1/2019,7.86,8.15,7.59,7.64,7.64,21390500,0,1
4/30/2019,8.8,8.83,7.81,7.86,7.86,40351643,0,1
4/29/2019,8.83,8.84,8.65,8.8,8.8,12567700,0,1
4/26/2019,8.85,8.89,8.58,8.8,8.8,12168340,0,1
4/25/2019,9.2,9.2129,8.92,8.93,8.93,11385749,0,1
4/24/2019,9.62,9.69,9.17,9.18,9.18,11338382,0,1
4/23/2019,9.59,9.79,9.53,9.65,9.65,15530272,0,1
4/22/2019,9.01,9.67,8.97,9.62,9.62,21662381,0,1
4/18/2019,8.78,8.91,8.7,8.84,8.84,10008557,0,1
4/17/2019,8.76,8.95,8.645,8.69,8.69,8628228,0,1
4/16/2019,8.69,8.725,8.42,8.7,8.7,10695508,0,1
4/15/2019,8.8,8.8,8.55,8.6,8.6,8557658,0,1
4/12/2019,9,9.1,8.79,8.82,8.82,10018770,0,1
4/11/2019,8.82,9.0312,8.655,8.84,8.84,14679196,0,1
4/10/2019,9.11,9.1409,8.85,8.86,8.86,11049364,0,1
4/9/2019,9,9.14,8.88,9,9,9777340,0,1
4/8/2019,9.18,9.32,9.01,9.08,9.08,10165025,0,1
4/5/2019,9.08,9.275,9.02,9.14,9.14,8817712,0,1
4/4/2019,9,9.06,8.735,9.05,9.05,10009802,0,1
4/3/2019,9.2,9.285,8.925,8.96,8.96,10610225,0,1
4/2/2019,9.22,9.34,9.03,9.11,9.11,10521437,0,1
4/1/2019,8.86,9.285,8.84,9.26,9.26,14761964,0,1
3/29/2019,9,9.06,8.67,8.71,8.71,8240468,0,1
3/28/2019,8.7,8.87,8.54,8.82,8.82,10638462,0,1
3/27/2019,8.93,9.07,8.685,8.81,8.81,7469593,0,1
3/26/2019,8.99,9.3,8.865,8.93,8.93,10167472,0,1
3/25/2019,8.87,8.94,8.68,8.83,8.83,10453786,0,1
3/22/2019,9.36,9.43,8.83,8.94,8.94,15673931,0,1
3/21/2019,9.42,9.59,9.365,9.49,9.49,9231459,0,1
3/20/2019,9.28,9.58,9.16,9.46,9.46,12694299,0,1
3/19/2019,9.59,9.69,9.23,9.32,9.32,12675751,0,1
3/18/2019,9,9.53,9,9.49,9.49,13947369,0,1
3/15/2019,9,9.13,8.97,9.01,9.01,10079051,0,1
3/14/2019,9.14,9.2,8.99,9.04,9.04,10648837,0,1
3/13/2019,9.14,9.275,8.98,9.11,9.11,14750472,0,1
3/12/2019,8.66,9.16,8.65,9.01,9.01,21877522,0,1
3/11/2019,8.27,8.63,8.18,8.63,8.63,12970625,0,1
3/8/2019,8.16,8.27,7.93,8.1,8.1,11493957,0,1
3/7/2019,8.39,8.44,8.15,8.37,8.37,12451206,0,1
3/6/2019,8.63,8.67,8.37,8.37,8.37,12521410,0,1
3/5/2019,8.68,8.8149,8.605,8.68,8.68,15658243,0,1
3/4/2019,8.42,8.69,8.4,8.66,8.66,16373305,0,1
3/1/2019,8.24,8.46,8.2,8.36,8.36,17206059,0,1
2/28/2019,8.28,8.29,7.92,8.17,8.17,15026436,0,1
2/27/2019,8.2,8.38,8.12,8.24,8.24,9671380,0,1
2/26/2019,8.32,8.3808,8.105,8.15,8.15,11814270,0,1
2/25/2019,8.21,8.42,8.195,8.32,8.32,12175161,0,1
2/22/2019,8.65,8.6564,8.2,8.25,8.25,17345225,0,1
2/21/2019,8.64,8.87,8.43,8.5,8.5,16905053,0,1
2/20/2019,8.84,9.015,8.65,8.69,8.69,15263606,0,1
2/19/2019,8.72,8.87,8.525,8.73,8.73,18085192,0,1
2/15/2019,8.64,9.05,8.64,8.93,8.93,16070790,0,1
2/14/2019,8.33,8.57,8.29,8.54,8.54,9816320,0,1
2/13/2019,8.37,8.63,8.305,8.35,8.35,10410400,0,1
2/12/2019,8.37,8.51,8.29,8.3,8.3,8458022,0,1
2/11/2019,8.14,8.41,8.11,8.21,8.21,9508498,0,1
2/8/2019,8.25,8.33,8.05,8.28,8.28,7745225,0,1
2/7/2019,8.7,8.75,8.03,8.35,8.35,14560993,0,1
2/6/2019,8.73,8.87,8.68,8.83,8.83,6598253,0,1
2/5/2019,8.91,8.96,8.74,8.84,8.84,8108509,0,1
2/4/2019,8.63,8.92,8.55,8.91,8.91,7902848,0,1
2/1/2019,8.6,8.945,8.57,8.71,8.71,11124324,0,1
1/31/2019,8.71,8.8781,8.49,8.57,8.57,11021946,0,1
1/30/2019,8.53,8.73,8.43,8.69,8.69,9125620,0,1
1/29/2019,8.61,8.74,8.43,8.44,8.44,9385921,0,1
1/28/2019,8.66,8.69,8.33,8.48,8.48,9847621,0,1
1/25/2019,8.75,9.065,8.75,8.94,8.94,13616767,0,1
1/24/2019,8.12,8.71,8.1,8.68,8.68,14538670,0,1
1/23/2019,8.31,8.38,8.05,8.19,8.19,9923995,0,1
1/22/2019,8.65,8.71,8.2,8.23,8.23,12964426,0,1
1/18/2019,8.76,8.9,8.6,8.84,8.84,19042737,0,1
1/17/2019,8.34,8.645,8.29,8.59,8.59,10694694,0,1
1/16/2019,8.43,8.57,8.37,8.45,8.45,10926778,0,1
1/15/2019,8.51,8.67,8.41,8.48,8.48,12272595,0,1
1/14/2019,8.07,8.569,8.07,8.42,8.42,14709938,0,1
1/11/2019,8.41,8.455,8.2,8.25,8.25,16807515,0,1
1/10/2019,8.42,8.6,8.16,8.57,8.57,15527732,0,1
1/9/2019,8.62,8.71,8.44,8.54,8.54,20628865,0,1
1/8/2019,8.5,8.6,8.13,8.42,8.42,22547780,0,1
1/7/2019,7.72,8.39,7.71,8.28,8.28,23928012,0,1
1/4/2019,7.55,7.76,7.42,7.62,7.62,19197829,0,1
1/3/2019,7.08,7.44,7,7.24,7.24,17893379,0,1
1/2/2019,6.83,7.22,6.5439,7.14,7.14,16550623,0,1
12/31/2018,7.09,7.265,6.825,6.94,6.94,16116900,0,1
12/28/2018,6.99,7.21,6.88,7.01,7.01,22765414,0,1
12/27/2018,6.78,6.78,6.39,6.71,6.71,17117731,0,1
12/26/2018,6.47,7,6.19,6.98,6.98,19419177,0,1
12/24/2018,6.38,6.58,6.33,6.34,6.34,9062795,0,1
12/21/2018,6.6,6.89,6.44,6.49,6.49,32446489,0,1
12/20/2018,6.84,6.97,6.51,6.64,6.64,27916106,0,1
12/19/2018,7.21,7.47,6.91,6.96,6.96,20738553,0,1
12/18/2018,7.3,7.335,7.01,7.15,7.15,21252359,0,1
12/17/2018,7.59,7.6762,7.24,7.31,7.31,22037528,0,1
12/14/2018,7.97,8.04,7.51,7.56,7.56,24193782,0,1
12/13/2018,8.18,8.25,7.9,8.08,8.08,15442206,0,1
12/12/2018,8.25,8.49,8.13,8.15,8.15,12547336,0,1
12/11/2018,8.28,8.34,7.93,8.08,8.08,16498455,0,1
12/10/2018,8.14,8.42,7.82,8.07,8.07,25357261,0,1
12/7/2018,9.16,9.2,8.25,8.3,8.3,27360478,0,1
12/6/2018,9.01,9.05,8.36,8.74,8.74,51838986,0,1
12/4/2018,9.89,10.03,9.32,9.32,9.32,14752277,0,1
12/3/2018,9.69,9.97,9.66,9.92,9.92,15069308,0,1
11/30/2018,9.66,9.69,9.18,9.28,9.28,16040687,0,1
11/29/2018,9.59,9.92,9.57,9.82,9.82,14713240,0,1
11/28/2018,9.12,9.62,9.06,9.59,9.59,13804527,0,1
11/27/2018,9.17,9.28,8.98,9.11,9.11,10056419,0,1
11/26/2018,9.21,9.37,9.055,9.2,9.2,11126087,0,1
11/23/2018,8.78,9.15,8.735,9.01,9.01,8036345,0,1
11/21/2018,9.16,9.36,9.03,9.26,9.26,12884978,0,1
11/20/2018,9.46,9.49,8.88,8.97,8.97,22055844,0,1
11/19/2018,9.55,9.83,9.5244,9.75,9.75,9894021,0,1
11/16/2018,9.8,9.88,9.47,9.73,9.73,12486665,0,1
11/15/2018,9.48,9.835,9.47,9.71,9.71,11980101,0,1
11/14/2018,9.8,9.94,9.29,9.57,9.57,24500439,0,1
11/13/2018,9.75,9.84,9.315,9.43,9.43,26284910,0,1
11/12/2018,10.75,10.8,9.72,9.75,9.75,18466774,0,1
11/9/2018,10.3,10.605,10.065,10.53,10.53,16346991,0,1
11/8/2018,11.34,11.37,10.43,10.49,10.49,13774356,0,1
11/7/2018,11.32,11.59,11.13,11.45,11.45,12966814,0,1
11/6/2018,11.07,11.19,10.84,11.11,11.11,10191869,0,1
11/5/2018,11.05,11.13,10.83,11.03,11.03,9262850,0,1
11/2/2018,11.1,11.28,10.78,10.89,10.89,9584838,0,1
11/1/2018,11.11,11.225,10.78,11.01,11.01,12163221,0,1
10/31/2018,11.06,11.53,10.95,11.01,11.01,20538315,0,1
10/30/2018,10.25,10.95,9.93,10.82,10.82,20567849,0,1
10/29/2018,11.04,11.04,10.3,10.4,10.4,20134339,0,1
10/26/2018,10.92,11.235,10.59,10.97,10.97,14587419,0,1
10/25/2018,11.14,11.34,10.95,11.14,11.14,12124557,0,1
10/24/2018,11.61,11.68,10.81,10.84,10.84,16763929,0,1
10/23/2018,11.64,11.7,11.3,11.42,11.42,17902622,0,1
10/22/2018,12.21,12.28,11.87,12.07,12.07,9767525,0,1
10/19/2018,12.37,12.68,12.14,12.19,12.19,8808361,0,1
10/18/2018,12.42,12.72,12.2,12.27,12.27,15225100,0,1
10/17/2018,12.81,12.9,12.44,12.61,12.61,15444138,0,1
10/16/2018,13.25,13.25,12.79,12.88,12.88,12948307,0,1
10/15/2018,13.25,13.42,13,13.16,13.16,11811042,0,1
10/12/2018,13.21,13.395,12.9,13.19,13.19,9972172,0,1
10/11/2018,12.85,13.34,12.58,12.81,12.81,16926045,0,1
10/10/2018,14.17,14.17,13.1,13.13,13.13,23526989,0,1
10/9/2018,13.99,14.47,13.77,14.18,14.18,23488134,0,1
10/8/2018,13.4,14,13.3,13.97,13.97,13991354,0,1
10/5/2018,13.72,13.84,13.51,13.66,13.66,10160183,0,1
10/4/2018,13.98,14.07,13.54,13.73,13.73,10078583,0,1
10/3/2018,13.99,14.18,13.9,14.09,14.09,10251479,0,1
10/2/2018,14.04,14.1,13.82,13.98,13.98,9732147,0,1
10/1/2018,14.04,14.27,13.85,14.11,14.11,12633574,0,1
9/28/2018,13.66,14.3,13.6125,13.95,13.95,17460241,0,1
9/27/2018,13.73,13.96,13.64,13.8,13.8,10622735,0,1
9/26/2018,13.76,13.85,13.43,13.53,13.53,18074763,0,1
9/25/2018,13.95,14.21,13.88,13.97,13.97,26713421,0,1
9/24/2018,13.91,14.2,13.52,13.78,13.78,23325984,0,1
9/21/2018,12.73,13.58,12.73,13.54,13.54,35510161,0,1
9/20/2018,12.81,12.83,12.59,12.63,12.63,20768996,0,1
9/19/2018,12.2,12.5,12.1,12.36,12.36,20077494,0,1
9/18/2018,11.82,12.14,11.77,11.93,11.93,12612550,0,1
9/17/2018,11.87,11.97,11.54,11.59,11.59,10128881,0,1
9/14/2018,11.58,11.775,11.48,11.75,11.75,15322968,0,1
9/13/2018,11.31,11.63,11.25,11.5,11.5,14370585,0,1
9/12/2018,11.31,11.69,11.3,11.43,11.43,18165473,0,1
9/11/2018,10.81,11.1,10.8,11.05,11.05,10503514,0,1
9/10/2018,10.91,11.195,10.8,10.88,10.88,9894454,0,1
9/7/2018,10.71,10.89,10.48,10.85,10.85,12654132,0,1
9/6/2018,11.2,11.24,10.82,10.83,10.83,17034660,0,1
9/5/2018,11.23,11.51,11.05,11.2,11.2,19590097,0,1
9/4/2018,11.86,11.93,11.12,11.3,11.3,53818749,0,1
8/31/2018,12.09,12.15,11.85,12.11,12.11,6279542,0,1
8/30/2018,12.25,12.37,11.99,12.18,12.18,10150714,0,1
8/29/2018,11.81,12.25,11.81,12.2,12.2,9177951,0,1
8/28/2018,11.91,12.03,11.69,11.79,11.79,9469269,0,1
8/27/2018,11.77,11.99,11.71,11.88,11.88,7226002,0,1
8/24/2018,11.95,12.08,11.78,11.78,11.78,7732963,0,1
8/23/2018,11.5,11.75,11.47,11.74,11.74,8152220,0,1
8/22/2018,11.58,11.77,11.535,11.63,11.63,14333121,0,1
8/21/2018,11.36,11.56,11.245,11.33,11.33,11298467,0,1
8/20/2018,10.75,11.35,10.74,11.19,11.19,14489690,0,1
8/17/2018,10.73,10.81,10.585,10.76,10.76,12331927,0,1
8/16/2018,10.83,10.995,10.55,10.65,10.65,10789756,0,1
8/15/2018,11.36,11.38,10.4,10.7,10.7,28292238,0,1
8/14/2018,11.7,11.84,11.43,11.56,11.56,11395697,0,1
8/13/2018,12.48,12.51,11.5,11.51,11.51,21663566,0,1
8/10/2018,12.37,12.59,12.25,12.56,12.56,6978594,0,1
8/9/2018,12.87,12.92,12.315,12.41,12.41,13694621,0,1
8/8/2018,12.98,13.1,12.73,12.93,12.93,6129450,0,1
8/7/2018,13.17,13.48,13.06,13.08,13.08,8884723,0,1
8/6/2018,13,13.1,12.915,12.96,12.96,8082025,0,1
8/3/2018,12.75,13.1,12.71,12.93,12.93,9219979,0,1
8/2/2018,12.53,12.885,12.45,12.81,12.81,9462910,0,1
8/1/2018,12.66,12.75,12.39,12.68,12.68,13861678,0,1
7/31/2018,13.28,13.37,12.85,12.87,12.87,14310152,0,1
7/30/2018,13.14,13.57,13.14,13.38,13.38,11559602,0,1
7/27/2018,12.99,13.255,12.855,12.91,12.91,9113155,0,1
7/26/2018,12.76,13.16,12.59,13.01,13.01,10218419,0,1
7/25/2018,12.67,12.9,12.63,12.85,12.85,9364077,0,1
7/24/2018,12.73,12.84,12.56,12.67,12.67,10476794,0,1
7/23/2018,12.8,12.81,12.5741,12.64,12.64,10801200,0,1
7/20/2018,12.66,12.825,12.545,12.71,12.71,9422785,0,1
7/19/2018,12.69,12.95,12.61,12.68,12.68,7733336,0,1
7/18/2018,12.72,12.98,12.575,12.82,12.82,12172849,0,1
7/17/2018,12.94,13.03,12.47,12.72,12.72,17929567,0,1
7/16/2018,13.14,13.26,12.7224,13.1,13.1,16331017,0,1
7/13/2018,13.56,13.58,13.26,13.47,13.47,13191523,0,1
7/12/2018,13.73,13.83,13.36,13.52,13.52,11219697,0,1
7/11/2018,13.73,14.12,13.47,13.55,13.55,13955145,0,1
7/10/2018,13.96,14.34,13.85,14.08,14.08,13148214,0,1
7/9/2018,13.44,13.82,13.44,13.75,13.75,10169887,0,1
7/6/2018,12.94,13.295,12.83,13.18,13.18,6496174,0,1
7/5/2018,13.19,13.32,13.02,13.06,13.06,7719093,0,1
7/3/2018,13.44,13.61,13.01,13.08,13.08,8225749,0,1
7/2/2018,13.34,13.35,12.93,13.03,13.03,9989506,0,1
6/29/2018,13.5,13.88,13.43,13.44,13.44,13346350,0,1
6/28/2018,13.21,13.58,13.12,13.4,13.4,14112970,0,1
6/27/2018,12.75,13.6,12.75,13.3,13.3,26872047,0,1
6/26/2018,12.27,12.64,12.09,12.49,12.49,12569602,0,1
6/25/2018,12.7,12.8,12.22,12.26,12.26,12160932,0,1
6/22/2018,12.58,13.065,12.58,12.7,12.7,19338919,0,1
6/21/2018,12.37,12.37,11.87,11.94,11.94,12645151,0,1
6/20/2018,12.43,12.57,12.08,12.5,12.5,10764782,0,1
6/19/2018,11.92,12.31,11.8,12.28,12.28,9437911,0,1
6/18/2018,11.9,12.28,11.88,12.16,12.16,9166794,0,1
6/15/2018,12.15,12.165,11.59,11.92,11.92,23205370,0,1
6/14/2018,12.49,12.49,12.22,12.31,12.31,10772482,0,1
6/13/2018,12.38,12.45,12.17,12.35,12.35,10773972,0,1
6/12/2018,12.82,12.85,12.29,12.43,12.43,13326594,0,1
6/11/2018,12.89,13.01,12.76,12.86,12.86,7957899,0,1
6/8/2018,13.49,13.525,12.81,12.96,12.96,17256793,0,1
6/7/2018,13.16,13.69,13.08,13.48,13.48,16167355,0,1
6/6/2018,12.69,13.03,12.69,12.93,12.93,12471984,0,1
6/5/2018,12.47,12.75,12.35,12.65,12.65,10413106,0,1
6/4/2018,12.95,13,12.35,12.51,12.51,12121044,0,1
6/1/2018,12.62,13.09,12.6,12.86,12.86,15656167,0,1
5/31/2018,12.44,12.84,12.365,12.65,12.65,12196656,0,1
5/30/2018,12.25,12.79,12.22,12.57,12.57,14905887,0,1
5/29/2018,12.04,12.36,11.9,12.14,12.14,13436631,0,1
5/25/2018,12.63,12.64,12.15,12.26,12.26,20747282,0,1
5/24/2018,13.13,13.22,12.96,13.06,13.06,9048161,0,1
5/23/2018,13.4,13.52,13.165,13.38,13.38,10136940,0,1
5/22/2018,13.76,14.15,13.475,13.55,13.55,14232602,0,1
5/21/2018,13.69,13.77,13.55,13.75,13.75,7748090,0,1
5/18/2018,13.73,13.8,13.4808,13.63,13.63,9777962,0,1
5/17/2018,13.75,14.16,13.68,13.71,13.71,21391761,0,1
5/16/2018,13.38,13.73,13.295,13.6,13.6,12880004,0,1
5/15/2018,13.35,13.425,13.16,13.39,13.39,15310954,0,1
5/14/2018,13.05,13.44,13.02,13.35,13.35,12802054,0,1
5/11/2018,13.42,13.49,13.01,13.02,13.02,11603520,0,1
5/10/2018,13.22,13.495,13.02,13.42,13.42,13563695,0,1
5/9/2018,12.65,13.4552,12.65,13.1,13.1,25131388,0,1
5/8/2018,12.31,12.46,11.95,12.41,12.41,14496516,0,1
5/7/2018,12.21,12.63,12.19,12.25,12.25,16055423,0,1
5/4/2018,11.66,12.23,11.65,12.08,12.08,14064133,0,1
5/3/2018,11.94,12.01,11.605,11.68,11.68,14966549,0,1
5/2/2018,11.95,12.07,11.86,11.97,11.97,18616947,0,1
5/1/2018,12.22,12.29,11.89,12.03,12.03,15490770,0,1
4/30/2018,12.37,12.63,12.31,12.37,12.37,12262431,0,1
4/27/2018,12.41,12.575,12.27,12.42,12.42,9703248,0,1
4/26/2018,12.55,12.69,12.39,12.48,12.48,10183241,0,1
4/25/2018,12.4,12.58,12.19,12.55,12.55,14219098,0,1
4/24/2018,12.49,12.73,12.385,12.45,12.45,14387811,0,1
4/23/2018,12.28,12.535,12.1,12.48,12.48,11060933,0,1
4/20/2018,12.45,12.46,12.02,12.34,12.34,15045092,0,1
4/19/2018,12.51,12.75,12.27,12.54,12.54,23426811,0,1
4/18/2018,12.19,12.68,12.16,12.43,12.43,26143170,0,1
4/17/2018,11.77,12.1151,11.665,12.01,12.01,22777568,0,1
4/16/2018,11.49,11.88,11.355,11.82,11.82,21069714,0,1
4/13/2018,11.09,11.74,11.06,11.59,11.59,23828128,0,1
4/12/2018,11.03,11.22,10.72,11.1,11.1,22114335,0,1
4/11/2018,10.51,11.3,10.46,11.18,11.18,31727024,0,1
4/10/2018,10.1,10.65,10.09,10.51,10.51,21667126,0,1
4/9/2018,9.79,9.92,9.645,9.9,9.9,9079903,0,1
4/6/2018,9.9,10.06,9.6,9.72,9.72,12565927,0,1
4/5/2018,9.64,10.11,9.62,9.98,9.98,12822205,0,1
4/4/2018,9.6,9.7,9.36,9.59,9.59,12852348,0,1
4/3/2018,9.68,9.83,9.45,9.81,9.81,11548969,0,1
4/2/2018,9.82,9.87,9.42,9.63,9.63,11909493,0,1
3/29/2018,9.78,9.955,9.75,9.9,9.9,10635100,0,1
3/28/2018,9.83,9.86,9.6,9.76,9.76,11083404,0,1
3/27/2018,10.09,10.19,9.78,9.85,9.85,9368418,0,1
3/26/2018,10.28,10.3,9.77,10.06,10.06,10322400,0,1
3/23/2018,10.08,10.47,10.05,10.18,10.18,13068719,0,1
3/22/2018,10.21,10.295,10.02,10.03,10.03,13866553,0,1
3/21/2018,9.75,10.47,9.72,10.41,10.41,24577404,0,1
3/20/2018,9.66,9.8,9.6,9.69,9.69,12638136,0,1
3/19/2018,9.81,9.89,9.45,9.64,9.64,12836901,0,1
3/16/2018,9.68,9.97,9.63,9.88,9.88,19792886,0,1
3/15/2018,9.8,9.87,9.44,9.54,9.54,14606149,0,1
3/14/2018,9.82,9.905,9.69,9.78,9.78,10215373,0,1
3/13/2018,9.94,10.1,9.75,9.79,9.79,13777765,0,1
3/12/2018,9.56,10,9.56,9.9,9.9,14268166,0,1
3/9/2018,9.5,9.8,9.5,9.58,9.58,12538774,0,1
3/8/2018,9.4,9.48,9.23,9.44,9.44,7481308,0,1
3/7/2018,9.41,9.595,9.24,9.39,9.39,10199030,0,1
3/6/2018,9.69,9.87,9.46,9.54,9.54,15568799,0,1
3/5/2018,9.34,9.79,9.34,9.65,9.65,10537563,0,1
3/2/2018,9.2,9.495,9.09,9.48,9.48,10694465,0,1
3/1/2018,9.08,9.43,9.065,9.36,9.36,16781890,0,1
2/28/2018,9.69,9.7113,9.055,9.11,9.11,15638550,0,1
2/27/2018,9.72,10.05,9.61,9.62,9.62,14823360,0,1
2/26/2018,9.75,9.81,9.46,9.67,9.67,11028334,0,1
2/23/2018,9.5,9.72,9.45,9.7,9.7,12037735,0,1
2/22/2018,9.16,9.525,9.16,9.36,9.36,13456370,0,1
2/21/2018,9.03,9.4,8.92,9.01,9.01,16599122,0,1
2/20/2018,9.13,9.41,9.02,9.09,9.09,13645156,0,1
2/16/2018,9.14,9.32,9.04,9.09,9.09,15652451,0,1
2/15/2018,9.37,9.39,9.03,9.23,9.23,14765251,0,1
2/14/2018,9.03,9.4,8.95,9.3,9.3,14841233,0,1
2/13/2018,9.45,9.5,9.18,9.22,9.22,14173057,0,1
2/12/2018,9.39,9.6559,9.3,9.51,9.51,16799718,0,1
2/9/2018,9.27,9.42,8.7,9.36,9.36,24149210,0,1
2/8/2018,9.87,9.91,9.17,9.18,9.18,23854129,0,1
2/7/2018,9.99,10.29,9.635,9.64,9.64,16616279,0,1
2/6/2018,9.69,10.18,9.61,10,10,23050615,0,1
2/5/2018,10.14,10.4,9.73,9.79,9.79,18545672,0,1
2/2/2018,10.91,10.95,10.3,10.32,10.32,13795865,0,1
2/1/2018,10.85,11.46,10.83,11.02,11.02,17999139,0,1
1/31/2018,10.98,11.01,10.69,10.79,10.79,11763110,0,1
1/30/2018,10.86,11.01,10.71,10.99,10.99,19851806,0,1
1/29/2018,11.15,11.25,10.9,11.01,11.01,12048492,0,1
1/26/2018,11.36,11.375,11.15,11.16,11.16,8954352,0,1
1/25/2018,11.5,11.575,11.16,11.32,11.32,17852686,0,1
1/24/2018,11.78,11.8,11.37,11.5,11.5,12223708,0,1
1/23/2018,11.92,11.95,11.56,11.72,11.72,10676536,0,1
1/22/2018,11.61,11.99,11.59,11.93,11.93,12815653,0,1
1/19/2018,11.29,11.65,11.1,11.6,11.6,12901193,0,1
1/18/2018,11.68,11.735,11.3,11.32,11.32,11037194,0,1
1/17/2018,11.55,11.73,11.445,11.61,11.61,10752947,0,1
1/16/2018,12.2,12.21,11.45,11.47,11.47,17406153,0,1
1/12/2018,12.15,12.34,12.0086,12.2,12.2,12020371,0,1
1/11/2018,11.9,12.4,11.77,12.12,12.12,16217061,0,1
1/10/2018,12.09,12.135,11.76,11.83,11.83,12267244,0,1
1/9/2018,11.87,12.11,11.63,12.06,12.06,15707618,0,1
1/8/2018,11.59,11.93,11.5,11.86,11.86,9990328,0,1
1/5/2018,11.71,11.715,11.31,11.61,11.61,14426941,0,1
1/4/2018,11.3,11.935,11.205,11.79,11.79,19852766,0,1
1/3/2018,11,11.29,10.695,11.17,11.17,14594627,0,1
1/2/2018,10.77,10.98,10.585,10.94,10.94,10801530,0,1
12/29/2017,10.75,10.81,10.53,10.68,10.68,8269975,0,1
12/28/2017,10.71,10.85,10.61,10.72,10.72,8672005,0,1
12/27/2017,10.58,10.77,10.4201,10.72,10.72,11109444,0,1
12/26/2017,10.45,10.66,10.371,10.62,10.62,7996439,0,1
12/22/2017,10.07,10.44,10.05,10.36,10.36,10722263,0,1
12/21/2017,9.74,10.29,9.71,10.19,10.19,16081937,0,1
12/20/2017,9.43,9.76,9.37,9.7,9.7,11358027,0,1
12/19/2017,9.57,9.65,9.43,9.44,9.44,7804675,0,1
12/18/2017,9.56,9.7858,9.49,9.49,9.49,10241777,0,1
12/15/2017,9.5,9.61,9.33,9.45,9.45,13285511,0,1
12/14/2017,9.705,9.795,9.5,9.51,9.51,11780997,0,1
12/13/2017,10.13,10.17,9.76,9.82,9.82,10008042,0,1
12/12/2017,10.1,10.22,10.04,10.15,10.15,9746069,0,1
12/11/2017,9.91,10.05,9.9,9.98,9.98,6735307,0,1
12/8/2017,10.16,10.24,9.87,9.91,9.91,9927294,0,1
12/7/2017,10.08,10.21,10.01,10.06,10.06,6362673,0,1
12/6/2017,10.51,10.51,10.02,10.11,10.11,12791541,0,1
12/5/2017,10.55,10.73,10.43,10.66,10.66,6964087,0,1
12/4/2017,10.72,10.96,10.58,10.59,10.59,11679360,0,1
12/1/2017,10.26,10.86,10.26,10.83,10.83,18407695,0,1
11/30/2017,10.11,10.41,9.94,10.14,10.14,11465734,0,1
11/29/2017,9.97,10,9.71,9.92,9.92,9357623,0,1
11/28/2017,9.86,9.96,9.73,9.92,9.92,7636859,0,1
11/27/2017,9.99,9.99,9.68,9.87,9.87,9255892,0,1
11/24/2017,10.25,10.33,10.05,10.07,10.07,4887790,0,1
11/22/2017,10.3,10.38,10.19,10.24,10.24,6823080,0,1
11/21/2017,10.23,10.43,10.13,10.18,10.18,7459772,0,1
11/20/2017,10.32,10.34,10.13,10.17,10.17,6877497,0,1
11/17/2017,10.35,10.47,10.21,10.35,10.35,8157984,0,1
11/16/2017,10.47,10.47,10.18,10.23,10.23,9887900,0,1
11/15/2017,10.41,10.56,10.14,10.47,10.47,13071932,0,1
11/14/2017,11.11,11.18,10.68,10.71,10.71,9568333,0,1
11/13/2017,11.52,11.55,11.15,11.24,11.24,8675603,0,1
11/10/2017,11.57,11.78,11.39,11.58,11.58,11749741,0,1
11/9/2017,11.33,11.56,11.28,11.52,11.52,12261205,0,1
11/8/2017,11.16,11.6,11.12,11.45,11.45,15089867,0,1
11/7/2017,11.26,11.395,11.07,11.18,11.18,11786589,0,1
11/6/2017,11,11.27,10.91,11.24,11.24,17186484,0,1
11/3/2017,10.65,10.92,10.41,10.88,10.88,13363139,0,1
11/2/2017,10.64,10.93,10.44,10.62,10.62,12454588,0,1
11/1/2017,10.69,10.93,10.41,10.48,10.48,14980756,0,1
10/31/2017,10.41,10.56,10.34,10.5,10.5,10501056,0,1
10/30/2017,10.33,10.71,10.29,10.39,10.39,15083918,0,1
10/27/2017,10.1,10.36,9.9057,10.33,10.33,14060960,0,1
10/26/2017,10.06,10.2,9.86,10.17,10.17,11149717,0,1
10/25/2017,10.13,10.15,9.81,10.13,10.13,10538706,0,1
10/24/2017,10.03,10.27,10.01,10.16,10.16,11153172,0,1
10/23/2017,9.99,10.0799,9.87,9.93,9.93,8637317,0,1
10/20/2017,10.17,10.19,9.91,9.95,9.95,9475813,0,1
10/19/2017,10.13,10.37,10.02,10.17,10.17,14025744,0,1
10/18/2017,10.53,10.58,10.25,10.31,10.31,18185708,0,1
10/17/2017,11.03,11.1,10.71,10.79,10.79,13703714,0,1
10/16/2017,11.05,11.28,11.03,11.05,11.05,16595613,0,1
10/13/2017,10.63,11.225,10.63,10.86,10.86,20493251,0,1
10/12/2017,10.56,10.68,10.27,10.5,10.5,15385898,0,1
10/11/2017,10.5,10.65,10.31,10.61,10.61,12940039,0,1
10/10/2017,10.72,10.93,10.51,10.52,10.52,14186664,0,1
10/9/2017,10.35,10.63,10.35,10.51,10.51,13483086,0,1
10/6/2017,10.38,10.56,10.2,10.31,10.31,16729569,0,1
10/5/2017,10.24,10.62,10.24,10.54,10.54,13428721,0,1
10/4/2017,10.26,10.4,10.14,10.29,10.29,12037699,0,1
10/3/2017,10.3,10.34,10.06,10.28,10.28,11682347,0,1
10/2/2017,10.38,10.49,10.2,10.33,10.33,16884904,0,1
9/29/2017,10.53,10.81,10.46,10.76,10.76,18860794,0,1
9/28/2017,10.55,10.84,10.46,10.59,10.59,24523781,0,1
9/27/2017,10.29,10.45,10.11,10.43,10.43,14580537,0,1
9/26/2017,9.96,10.3,9.86,10.24,10.24,18783227,0,1
9/25/2017,9.67,10.15,9.67,10.03,10.03,34404313,0,1
9/22/2017,9.09,9.44,9.04,9.32,9.32,16036979,0,1
9/21/2017,9.56,9.59,8.92,9.08,9.08,28086991,0,1
9/20/2017,9.36,9.92,9.36,9.77,9.77,24758331,0,1
9/19/2017,9.35,9.38,9.19,9.35,9.35,12896168,0,1
9/18/2017,9.23,9.48,9.1,9.29,9.29,13913577,0,1
9/15/2017,9.2,9.34,9.07,9.24,9.24,19083133,0,1
9/14/2017,9.33,9.52,9.1,9.22,9.22,22587988,0,1
9/13/2017,8.82,9.38,8.8,9.21,9.21,23033144,0,1
9/12/2017,8.53,9.02,8.5,8.79,8.79,16177452,0,1
9/11/2017,8.4,8.57,8.37,8.49,8.49,9259895,0,1
9/8/2017,8.64,8.66,8.35,8.47,8.47,12492108,0,1
9/7/2017,8.72,8.895,8.54,8.7,8.7,12028244,0,1
9/6/2017,8.82,9.09,8.77,8.78,8.78,14865762,0,1
9/5/2017,8.64,8.89,8.62,8.79,8.79,13778845,0,1
9/1/2017,8.2,8.57,8.1,8.56,8.56,13480882,0,1
8/31/2017,8.28,8.31,8.12,8.16,8.16,10646385,0,1
8/30/2017,8.2,8.2,8,8.1,8.1,12375442,0,1
8/29/2017,7.95,8.24,7.87,8.23,8.23,15244912,0,1
8/28/2017,8,8.07,7.85,8.01,8.01,10087083,0,1
8/25/2017,7.81,8.03,7.76,7.97,7.97,12219931,0,1
8/24/2017,7.61,7.77,7.54,7.7,7.7,13140669,0,1
8/23/2017,7.47,7.7,7.41,7.63,7.63,9626624,0,1
8/22/2017,7.41,7.54,7.36,7.52,7.52,9386866,0,1
8/21/2017,7.46,7.47,7.281,7.32,7.32,11787037,0,1
8/18/2017,7.35,7.6,7.2,7.48,7.48,22122966,0,1
8/17/2017,7.6,7.65,7.27,7.28,7.28,23445206,0,1
8/16/2017,7.92,7.94,7.47,7.58,7.58,25471158,0,1
8/15/2017,8.05,8.175,7.55,7.91,7.91,46076064,0,1
8/14/2017,8.28,8.55,8.25,8.39,8.39,11588628,0,1
8/11/2017,8.11,8.405,8.05,8.35,8.35,9919438,0,1
8/10/2017,8.33,8.42,8.16,8.18,8.18,12527247,0,1
8/9/2017,8.7,8.71,8.11,8.32,8.32,19623802,0,1
8/8/2017,8.73,8.73,8.41,8.57,8.57,16005686,0,1
8/7/2017,9.08,9.08,8.74,8.75,8.75,15226402,0,1
8/4/2017,9.25,9.35,9.06,9.07,9.07,13295752,0,1
8/3/2017,8.74,9.6,8.63,9.25,9.25,24540466,0,1
8/2/2017,8.55,8.82,8.47,8.63,8.63,13607185,0,1
8/1/2017,8.63,8.65,8.42,8.59,8.59,10502848,0,1
7/31/2017,8.69,8.78,8.48,8.65,8.65,12259052,0,1
7/28/2017,8.68,8.96,8.6,8.69,8.69,11091575,0,1
7/27/2017,8.52,8.75,8.385,8.67,8.67,13862941,0,1
7/26/2017,8.89,8.92,8.44,8.54,8.54,18547789,0,1
7/25/2017,8.66,9.01,8.65,8.77,8.77,101337922,0,1
7/24/2017,8.57,8.63,8.4,8.51,8.51,12689626,0,1
7/21/2017,8.74,8.7561,8.41,8.51,8.51,13121685,0,1
7/20/2017,8.97,8.99,8.57,8.75,8.75,15626968,0,1
7/19/2017,8.36,8.95,8.35,8.89,8.89,13811334,0,1
7/18/2017,8.45,8.46,8.19,8.35,8.35,11836917,0,1
7/17/2017,8.36,8.46,8.33,8.36,8.36,8214195,0,1
7/14/2017,8.38,8.44,8.23,8.33,8.33,8034858,0,1
7/13/2017,8.1,8.36,8.06,8.31,8.31,9652661,0,1
7/12/2017,8.27,8.335,8,8.07,8.07,14469495,0,1
7/11/2017,8.04,8.205,7.865,8.09,8.09,10365039,0,1
7/10/2017,7.86,8.1,7.79,8.04,8.04,9476612,0,1
7/7/2017,7.98,8,7.725,7.88,7.88,14547294,0,1
7/6/2017,8.32,8.41,8,8.04,8.04,14946234,0,1
7/5/2017,8.58,8.6,8.22,8.28,8.28,14557345,0,1
7/3/2017,8.3,8.83,8.29,8.67,8.67,10057809,0,1
6/30/2017,8.36,8.5,8.125,8.23,8.23,15636076,0,1
6/29/2017,8.26,8.55,8.14,8.31,8.31,21408155,0,1
6/28/2017,8.04,8.42,8.02,8.2,8.2,13059963,0,1
6/27/2017,8.23,8.34,8.05,8.07,8.07,12494268,0,1
6/26/2017,8.1,8.265,8.01,8.15,8.15,10914344,0,1
6/23/2017,7.96,8.12,7.885,8.09,8.09,13712832,0,1
6/22/2017,7.87,8.02,7.79,7.87,7.87,9578907,0,1
6/21/2017,8.16,8.18,7.67,7.79,7.79,18736125,0,1
6/20/2017,8.4,8.41,8.09,8.2,8.2,15287260,0,1
6/19/2017,8.61,8.68,8.49,8.56,8.56,8097744,0,1
6/16/2017,8.61,8.66,8.44,8.62,8.62,14754333,0,1
6/15/2017,8.55,8.8,8.465,8.56,8.56,10651639,0,1
6/14/2017,9.1,9.11,8.46,8.69,8.69,18327894,0,1
6/13/2017,8.87,9.21,8.85,9.16,9.16,12136650,0,1
6/12/2017,8.95,9.22,8.845,8.9,8.9,20538416,0,1
6/9/2017,8.5,8.94,8.38,8.81,8.81,23482539,0,1
6/8/2017,8.57,8.745,8.4,8.42,8.42,14973380,0,1
6/7/2017,9.01,9.14,8.475,8.59,8.59,18881433,0,1
6/6/2017,9.02,9.14,8.81,9.1,9.1,12166048,0,1
6/5/2017,8.96,9.21,8.93,9.07,9.07,10670241,0,1
6/2/2017,9.09,9.1,8.88,9.03,9.03,12474485,0,1
6/1/2017,9.1,9.355,9.08,9.23,9.23,16500860,0,1
5/31/2017,9.13,9.14,8.68,9.09,9.09,22015350,0,1
5/30/2017,9.56,9.7,9.25,9.26,9.26,13035639,0,1
5/26/2017,9.78,9.79,9.445,9.56,9.56,13797012,0,1
5/25/2017,10.33,10.51,9.63,9.65,9.65,21383895,0,1
5/24/2017,10.58,10.7,10.33,10.44,10.44,8992020,0,1
5/23/2017,10.5,10.73,10.44,10.61,10.61,8614909,0,1
5/22/2017,10.64,10.721,10.48,10.5,10.5,13064609,0,1
5/19/2017,10.54,10.645,10.45,10.52,10.52,17290916,0,1
5/18/2017,10.25,10.6,10.21,10.46,10.46,9075225,0,1
5/17/2017,10.54,10.62,10.25,10.39,10.39,11353487,0,1
5/16/2017,10.93,11,10.64,10.69,10.69,10120258,0,1
5/15/2017,10.99,11.135,10.7,10.8,10.8,14186152,0,1
5/12/2017,11.07,11.07,10.54,10.62,10.62,8913292,0,1
5/11/2017,11.29,11.39,11.07,11.08,11.08,7720911,0,1
5/10/2017,11.08,11.3,11.015,11.17,11.17,11122206,0,1
5/9/2017,11.16,11.19,10.88,10.96,10.96,9612080,0,1
5/8/2017,11.15,11.29,11.01,11.14,11.14,9223571,0,1
5/5/2017,10.42,11.19,10.41,11.18,11.18,16448054,0,1
5/4/2017,10.51,10.55,10.03,10.34,10.34,19874109,0,1
5/3/2017,10.4,10.91,10.2,10.76,10.76,27222956,0,1
5/2/2017,10.75,10.77,10.39,10.42,10.42,10689040,0,1
5/1/2017,11,11.025,10.65,10.66,10.66,10134873,0,1
4/28/2017,11.22,11.26,10.97,11.03,11.03,11735261,0,1
4/27/2017,11.3,11.3,10.79,11.06,11.06,12996242,0,1
4/26/2017,11.39,11.87,11.36,11.45,11.45,9177012,0,1
4/25/2017,11.41,11.58,11.32,11.46,11.46,8471274,0,1
4/24/2017,11.46,11.525,11.32,11.37,11.37,9585951,0,1
4/21/2017,11.3,11.38,11.16,11.3,11.3,8214347,0,1
4/20/2017,11.3,11.585,11.18,11.38,11.38,8981711,0,1
4/19/2017,11.69,11.769,11.21,11.27,11.27,10541007,0,1
4/18/2017,11.66,11.84,11.5,11.64,11.64,8018473,0,1
4/17/2017,11.72,11.84,11.63,11.78,11.78,7145282,0,1
4/13/2017,12.06,12.06,11.61,11.72,11.72,12110985,0,1
4/12/2017,12.56,12.67,12.04,12.07,12.07,8242776,0,1
4/11/2017,12.75,12.79,12.35,12.53,12.53,9438486,0,1
4/10/2017,12.55,12.82,12.53,12.75,12.75,6437292,0,1
4/7/2017,12.64,12.71,12.4,12.43,12.43,6243384,0,1
4/6/2017,12.54,12.7,12.51,12.62,12.62,7180847,0,1
4/5/2017,12.68,13.04,12.405,12.44,12.44,11559315,0,1
4/4/2017,12.46,12.55,12.24,12.54,12.54,7969147,0,1
4/3/2017,12.52,12.59,12.28,12.46,12.46,9004021,0,1
3/31/2017,12.33,12.53,12.22,12.45,12.45,7051741,0,1
3/30/2017,12.5,12.635,12.27,12.35,12.35,13152709,0,1
3/29/2017,12.23,12.54,12.18,12.4,12.4,10447342,0,1
3/28/2017,12.13,12.33,11.99,12.23,12.23,10754207,0,1
3/27/2017,12.08,12.09,11.89,12.05,12.05,11216172,0,1
3/24/2017,12.33,12.47,12.17,12.26,12.26,8208613,0,1
3/23/2017,12.24,12.4,12.11,12.27,12.27,8295589,0,1
3/22/2017,12.1,12.39,12.02,12.28,12.28,10062332,0,1
3/21/2017,12.29,12.39,11.99,12.21,12.21,12410433,0,1
3/20/2017,12.27,12.3,11.81,12.22,12.22,20854690,0,1
3/17/2017,12.62,12.7,12.445,12.47,12.47,11799164,0,1
3/16/2017,13.09,13.18,12.49,12.53,12.53,18556108,0,1
3/15/2017,12.61,12.98,12.48,12.98,12.98,19936114,0,1
3/14/2017,12.39,12.5,11.875,12.41,12.41,17597646,0,1
3/13/2017,12.26,12.63,12.22,12.61,12.61,14162970,0,1
3/10/2017,12.15,12.26,11.8,12.26,12.26,20945098,0,1
3/9/2017,12.16,12.23,11.685,11.99,11.99,19266029,0,1
3/8/2017,12.63,12.79,12.25,12.4,12.4,15046003,0,1
3/7/2017,12.98,13.16,12.72,12.78,12.78,18415402,0,1
3/6/2017,13.43,13.44,12.76,13.05,13.05,15581080,0,1
3/3/2017,13.89,14.05,13.51,13.53,13.53,13787149,0,1
3/2/2017,13.57,14.15,13.57,13.9,13.9,14290786,0,1
3/1/2017,14.02,14.295,14.02,14.05,14.05,10232479,0,1
2/28/2017,14.07,14.17,13.73,13.82,13.82,15268837,0,1
2/27/2017,13.82,14.33,13.56,14.16,14.16,15286876,0,1
2/24/2017,13.99,14.18,13.67,13.75,13.75,13769578,0,1
2/23/2017,13.76,14.33,13.55,14.31,14.31,21918442,0,1
2/22/2017,13.32,13.495,13.06,13.28,13.28,11126316,0,1
2/21/2017,13.27,13.605,13.22,13.47,13.47,14304680,0,1
2/17/2017,13.03,13.23,12.9,13.16,13.16,9198178,0,1
2/16/2017,13.39,13.45,13.11,13.17,13.17,11174490,0,1
2/15/2017,13.46,13.61,13.155,13.37,13.37,9460708,0,1
2/14/2017,13.44,13.63,13.32,13.61,13.61,6415313,0,1
2/13/2017,13.22,13.55,13.22,13.4,13.4,6204232,0,1
2/10/2017,13.47,13.55,13.2601,13.35,13.35,12439266,0,1
2/9/2017,13.6,13.67,13.19,13.19,13.19,11310562,0,1
2/8/2017,13.26,13.38,12.88,13.36,13.36,11831657,0,1
2/7/2017,13.43,13.7,13.2,13.47,13.47,14159424,0,1
2/6/2017,13.99,14.02,13.51,13.54,13.54,9088155,0,1
2/3/2017,13.88,14.23,13.84,13.97,13.97,11653847,0,1
2/2/2017,13.98,14.03,13.55,13.74,13.74,11614059,0,1
2/1/2017,14.08,14.25,13.7338,13.99,13.99,12274190,0,1
1/31/2017,13.96,13.985,13.38,13.97,13.97,16125030,0,1
1/30/2017,14.88,14.88,13.64,13.85,13.85,20572262,0,1
1/27/2017,15.09,15.12,14.67,14.9,14.9,9728616,0,1
1/26/2017,15.32,15.65,15.12,15.18,15.18,12213300,0,1
1/25/2017,15.04,15.43,15.04,15.3,15.3,16703466,0,1
1/24/2017,14.83,15.05,14.63,14.92,14.92,12077873,0,1
1/23/2017,15.26,15.28,14.61,14.76,14.76,14885155,0,1
1/20/2017,15.3,15.515,15.17,15.31,15.31,19156477,0,1
1/19/2017,15.34,15.43,15.01,15.09,15.09,11016193,0,1
1/18/2017,15.36,15.51,15.18,15.3,15.3,10007206,0,1
1/17/2017,15.49,15.74,15.48,15.59,15.59,7605535,0,1
1/13/2017,15.79,15.945,15.46,15.48,15.48,8258958,0,1
1/12/2017,16,16.16,15.41,15.84,15.84,14645666,0,1
1/11/2017,15.27,15.97,15.24,15.75,15.75,13370295,0,1
1/10/2017,15.34,15.42,15.1,15.14,15.14,11795002,0,1
1/9/2017,15.4,15.47,15.02,15.29,15.29,10884080,0,1
1/6/2017,15.67,15.84,15.4,15.77,15.77,8713757,0,1
1/5/2017,15.57,15.86,15.335,15.62,15.62,14169122,0,1
1/4/2017,15.35,15.6,15.14,15.45,15.45,8859330,0,1
1/3/2017,15.15,15.87,15,15.33,15.33,19408488,0,1
